path,clicks,impressions,ctr,position
/business-electricity-price-trend-10-years,551,4612,11.95,5.2
/municipality-long-term-contract,153,4592,3.33,5.7
/electricity-price-trend-by-area,123,2565,4.80,6.9
/special/materials-packaging-scenario-analysis/plastic-resin,121,2221,5.45,6.4
/area-power-supply-mix-comparison,94,2443,3.85,7.2
/office-electricity-cost-benchmark,90,2120,4.25,4.3
/ppa-price-benchmark-2026,80,1170,6.84,4.9
/ai-demand-2030-forecast,77,2002,3.85,6.3
/datacenter-electricity-contract-guide,75,1300,5.77,5.0
/electricity-demand-pattern,75,2236,3.35,5.9
/electricity-vs-gas-price-trend,73,1338,5.46,6.2
/articles/price-trends,70,1675,4.18,9.8
/subsidy-stacking-combination-rules,60,2413,2.49,4.5
/subsidy-municipality-energy-examples,59,1564,3.77,6.8
/region-tokyo-electricity-price-trend,55,648,8.49,8.3
/electricity-double-billing-faq,54,4731,1.14,5.8
/demand-value-guide,53,1272,4.17,12.3
/business-electricity-retrospective/special-high-voltage-2019-2025,51,479,10.65,5.3
/business-electricity-retrospective/2026-07,48,983,4.88,4.9
/emergency-billing-dispute,46,2756,1.67,7.3
/fuel-cost-adjustment-history,45,1095,4.11,7.3
/global-electricity-price-benchmark,45,1104,4.08,6.8
/jepx-spot-market-history,44,999,4.40,5.5
/electricity-cost-benchmark-by-industry,42,1352,3.11,7.6
/asia-electricity-cost-comparison,41,829,4.95,7.1
/factory-electricity-cost-benchmark,40,1713,2.34,5.2
/v2h-v2b-explained,40,1098,3.64,11.7
/electricity-price-outlook-2026,38,1007,3.77,7.1
/emergency-power-outage-response,38,707,5.37,7.9
/bilateral-power-contracts,35,1245,2.81,2.8
/datacenter-summer-cooling-strategy,35,2049,1.71,7.6
/jepx-spot-price-dashboard,34,1529,2.22,6.9
/ai-demand-electricity-price-outlook,33,1153,2.86,6.7
/electricity-price-data-sources,33,769,4.29,8.5
/emergency-electricity-bill-doubled,33,1290,2.56,6.1
/fuel-mix-price-trend-and-electricity-impact,33,600,5.50,7.0
/warehouse-electricity-cost-review,31,782,3.96,9.0
/emergency-supplier-bankruptcy,29,646,4.49,5.7
/international-electricity-price-comparison,28,1279,2.19,6.4
/capacity-contribution-history,27,824,3.28,6.7
/tariff-revision-calendar-2026,27,974,2.77,6.7
/case-study-ryokan-onsen-heatpump,26,282,9.22,6.3
/kw-kwh-kva-difference,26,1616,1.61,7.8
/supply-point-id-explained,26,3568,0.73,8.2
/electricity-price-trend-2019-2025,24,348,6.90,4.0
/kenji-eda,24,870,2.76,5.1
/region-kansai-business-electricity,24,2110,1.14,7.2
/tenant-sub-meter-electricity-billing,24,424,5.66,6.2
/zero-price-hours-analysis,24,578,4.15,5.0
/fuel-vs-market-adjustment-comparison,23,1648,1.40,7.9
/supply-point-identification-number,23,2114,1.09,9.4
/region-tokyo-business-electricity,22,1630,1.35,8.9
/ai-workload-energy-impact,21,1145,1.83,8.0
/region-supplier-withdrawal-map,21,593,3.54,6.3
/demand-response-revenue-model,20,685,2.92,9.2
/hotel-electricity-cost-review,20,699,2.86,6.6
/price-spike-analysis,20,658,3.04,4.8
/renewable-energy-surcharge-history,20,1004,1.99,10.1
/subsidy-ev-charging-infrastructure,19,1152,1.65,8.0
/business-electricity-retrospective,18,778,2.31,7.9
/data-center-electricity-cost-review,18,1676,1.07,7.0
/electricity-vs-other-business-costs,18,341,5.28,6.5
/qnext-corporate-electricity-guide,18,490,3.67,6.4
/articles/by-industry/logistics-infrastructure/water-infrastructure,17,324,5.25,4.8
/electricity-expense-accounting-guide,17,2680,0.63,7.3
/region-tohoku-electricity-price-trend,17,138,12.32,7.5
/renewable-energy-plan-explained,17,1178,1.44,8.2
/what-is-power-factor,17,1650,1.03,11.1
/datacenter-electricity-demand-surge,16,4158,0.38,9.1
/electricity-bidding-guide-municipality,16,438,3.65,5.1
/market-price-adjustment,16,759,2.11,7.7
/region-chubu-electricity-price-trend,16,480,3.33,7.6
/region-kansai-electricity-price-trend,16,139,11.51,6.4
/area-price-spread,15,1168,1.28,7.0
/contract-demand-what-is-it,15,1289,1.16,10.3
/demand-suppression-effectiveness,15,627,2.39,25.0
/duck-curve-electricity-price-impact,15,379,3.96,5.7
/electricity-contract-cancellation-fee,15,1548,0.97,6.8
/jepx-price-trend-and-corporate-impact,15,592,2.53,7.8
/kumamoto-semiconductor-electricity-cost,15,644,2.33,5.3
/renewable-energy-surcharge-reduction-system,15,969,1.55,7.4
/special/gas-scenario-analysis/lpg-trend,15,991,1.51,11.9
/subsidies-overview,15,611,2.45,7.9
/articles/by-industry/logistics-infrastructure/telecom-base-station,14,209,6.70,4.5
/electricity-contract-types-overview,14,1304,1.07,7.2
/explaining-in-municipality,14,127,11.02,6.6
/fuel-cost-adjustment,14,747,1.87,9.3
/manufacturing-vs-non-manufacturing-electricity-impact,14,306,4.58,5.7
/subsidy-kobe-city-energy-equipment,14,1375,1.02,6.9
/subsidy-medical-welfare-strategy,14,934,1.50,14.2
/chiba-datacenter-electricity-cost,13,520,2.50,6.8
/electricity-bill-rounding-tax-discount,13,643,2.02,6.9
/electricity-data-api-bi-integration,13,122,10.66,6.4
/how-much-business-electricity-prices-increase,13,523,2.49,8.4
/negawatt-trading-explained,13,326,3.99,7.6
/reduce-high-voltage-basic-charge,13,615,2.11,9.5
/restaurant-electricity-cost-benchmark,13,1242,1.05,5.7
/subsidy-hotel-leisure-strategy,13,439,2.96,7.4
/bcp-drill-scenario-for-electricity,12,381,3.15,7.3
/capacity-contribution-explained,12,1027,1.17,8.6
/carbon-pricing-electricity-impact,12,285,4.21,6.2
/emergency-contract-terms-change,12,194,6.19,4.6
/energy-saving-tax-incentive-2026,12,314,3.82,6.4
/warming-trend-30-years,12,697,1.72,7.1
/wheeling-charge-explained,12,714,1.68,8.8
/articles/by-region,11,386,2.85,9.2
/business-electricity-price-hike-reasons-2026,11,386,2.85,7.1
/datacenter-location-grid-constraints,11,557,1.97,7.5
/gx-ets-impact-business-electricity,11,358,3.07,6.4
/hybrid-electricity-plan-explained,11,234,4.70,13.8
/special/materials-packaging-scenario-analysis/packaging,11,228,4.82,7.2
/special/oil-scenario-analysis/subsidy-outlook,11,686,1.60,8.0
/,10,172,5.81,8.4
/articles/by-industry/manufacturing/steel-metal,10,304,3.29,5.3
/business-transfer-name-change-procedure,10,302,3.31,8.2
/case-study-municipality-public-facility-bulk,10,143,6.99,7.0
/chuden-miraiz-corporate-electricity-guide,10,615,1.63,7.6
/demand-control-guide,10,800,1.25,13.2
/electricity-rate-revision-mechanism,10,588,1.70,8.1
/emergency-power-source-options,10,195,5.13,7.9
/energy-saving-act-revision-timeline,10,373,2.68,9.3
/factory-electricity-unit-price-per-kwh,10,402,2.49,13.1
/how-electricity-is-procured,10,192,5.21,6.0
/municipality-designated-manager-electricity,10,222,4.50,4.5
/nuclear-power-and-electricity-price,10,840,1.19,6.8
/outage-loss-simulation-by-industry,10,170,5.88,6.0
/parking-facility-electricity-cost-review,10,420,2.38,5.8
/region-hokkaido-electricity-price-trend,10,314,3.18,9.3
/region-hokuriku-electricity-price-trend,10,108,9.26,8.1
/semiconductor-facility-electricity-cost-review,10,388,2.58,10.8
/solar-curtailment-by-area,10,237,4.22,8.0
/subsidy-kurashiki-city-energy-saving,10,164,6.10,7.8
/tepco-ep-corporate-electricity-guide,10,671,1.49,8.5
/winter-vs-summer-electricity,10,549,1.82,7.3
/articles/by-industry/commercial/convenience-store,9,517,1.74,6.8
/articles/by-industry/manufacturing/electronics-semiconductor,9,196,4.59,7.1
/business-electricity-price-benchmark,9,472,1.91,7.6
/case-study-agri-coop-grain-dryer,9,247,3.64,6.5
/extra-high-voltage-electricity-pricing,9,275,3.27,7.2
/jepx-explained,9,1363,0.66,11.1
/low-voltage-electricity-pricing,9,413,2.18,8.3
/office-building-electricity-cost-review,9,375,2.40,7.8
/region-chugoku-electricity-price-trend,9,238,3.78,7.6
/renewable-power-procurement,9,317,2.84,14.3
/subsidy-heat-pump-introduction,9,560,1.61,7.0
/subsidy-hiroshima-pref-sme-energy,9,1228,0.73,7.8
/supermarket-electricity-cost-review,9,398,2.26,9.3
/articles/by-industry/agriculture-primary/fisheries-processing-aquaculture,8,158,5.06,5.2
/case-study-hotel-resort-cogeneration,8,58,13.79,4.6
/demand-side-flexibility,8,640,1.25,11.6
/electricity-price-increase-internal-report,8,127,6.30,5.3
/ev-vs-gasoline-fleet-cost,8,316,2.53,7.2
/food-processing-electricity-cost-review,8,276,2.90,12.9
/region-hokuriku-business-electricity,8,553,1.45,8.0
/region-kyushu-electricity-price-trend,8,220,3.64,7.2
/steel-electricity-cost-review,8,723,1.11,7.0
/tochigi-business-electricity-cost,8,837,0.96,8.9
/articles/by-industry/office-public/school-k12,7,225,3.11,8.6
/auto-repair-bodyshop-electricity-cost-review,7,140,5.00,5.3
/business-electricity-retrospective/2025-high-voltage,7,208,3.37,6.0
/business-electricity-retrospective/low-voltage-power-2019-2025,7,69,10.14,6.4
/cold-storage-electricity-cost-review,7,545,1.28,9.5
/cold-storage-summer-electricity-strategy,7,309,2.27,13.9
/electricity-price-increase-and-cpi,7,403,1.74,6.6
/emergency-supplier-withdrawal,7,380,1.84,7.4
/energy-charge-explained,7,513,1.36,22.9
/jepx-price-volatility,7,192,3.65,6.3
/peak-demand-management,7,350,2.00,12.7
/penalty-clause-calculation,7,279,2.51,6.0
/region-hokkaido-business-electricity,7,452,1.55,8.0
/region-tohoku-business-electricity,7,409,1.71,8.0
/special/oil-scenario-analysis/price-mechanism,7,550,1.27,6.4
/summer-demand-contract-review,7,258,2.71,7.1
/supply-demand-adjustment-market-timeline,7,411,1.70,9.2
/what-is-capacity-contribution,7,462,1.52,9.6
/battery-electricity-cost-benefit,6,48,12.50,6.5
/business-electricity-bill-breakdown,6,397,1.51,8.7
/case-study-hospital-24h-bcp-backup,6,152,3.95,13.7
/electricity-price-pass-through-legal,6,310,1.94,6.2
/electricity-unit-price-per-kwh,6,453,1.32,11.0
/fuel-cost-adjustment-calculation,6,154,3.90,6.2
/high-voltage-electricity-pricing,6,595,1.01,9.6
/hospital-battery-considerations,6,249,2.41,9.7
/hot-spring-facility-electricity-cost-review,6,104,5.77,5.9
/kepco-corporate-electricity-guide,6,1074,0.56,8.2
/lng-price-surge-electricity-cost-impact,6,238,2.52,5.7
/metal-processing-electricity-cost-review,6,127,4.72,5.4
/municipality-bundled-procurement,6,308,1.95,6.6
/non-ferrous-metal-electricity-cost-review,6,567,1.06,6.8
/region-chugoku-business-electricity,6,608,0.99,8.8
/restaurant-summer-electricity-strategy,6,220,2.73,9.5
/retail-store-summer-peak-strategy,6,257,2.33,9.7
/school-electricity-cost-review,6,200,3.00,8.2
/solar-battery-depreciation,6,391,1.53,10.6
/special/materials-packaging-scenario-analysis/industry-impact,6,243,2.47,7.9
/tokyo-business-electricity-cost,6,393,1.53,9.0
/university-electricity-cost-review,6,101,5.94,5.7
/articles/by-industry/hotel-leisure/gym-fitness,5,129,3.88,5.0
/articles/by-industry/it-technology/hyperscale-data-center,5,468,1.07,11.7
/articles/power-utility-guide,5,897,0.56,8.5
/business-electricity-retrospective/2022-high-voltage,5,85,5.88,11.6
/business-electricity-retrospective/2026-04,5,329,1.52,6.6
/business-electricity-retrospective/high-voltage-2019-2025,5,233,2.15,9.6
/central-kitchen-catering-electricity-cost-review,5,121,4.13,6.4
/electricity-cost-abc-allocation,5,65,7.69,5.6
/ev-charging-employee-billing,5,212,2.36,8.4
/ev-charging-off-peak-tou,5,186,2.69,6.9
/how-to-read-electricity-quote,5,127,3.94,5.5
/is-business-electricity-price-increase-unreasonable,5,651,0.77,11.4
/jepx-spike-electricity-cost-impact,5,199,2.51,9.8
/low-voltage-review-essentials,5,143,3.50,8.1
/manufacturing-cooling-strategy,5,152,3.29,7.3
/monthly-electricity-price-trend-analysis,5,51,9.80,7.9
/okinawa-business-electricity-cost,5,255,1.96,7.6
/region-shikoku-business-electricity,5,553,0.90,8.4
/saitama-business-electricity-cost,5,742,0.67,10.2
/semiconductor-electricity-cost-review,5,138,3.62,10.8
/sme-electricity-basics,5,1239,0.40,9.9
/subsidy-agriculture-primary-strategy,5,390,1.28,7.6
/subsidy-demand-side-ppa,5,607,0.82,11.2
/subsidy-higashiosaka-city-equipment,5,170,2.94,5.9
/subsidy-osaka-city-sme-energy-support,5,234,2.14,6.0
/yamanashi-business-electricity-cost,5,616,0.81,8.5
/ai-electricity-optimization,4,509,0.79,10.4
/aquarium-zoo-electricity-cost-review,4,221,1.81,5.5
/articles/basic,4,142,2.82,10.4
/articles/by-industry/logistics-infrastructure/cold-storage-warehouse,4,208,1.92,10.9
/business-electricity-retrospective/low-voltage-lighting-2019-2025,4,150,2.67,5.1
/business-electricity-retrospective/ukraine-shock-overview,4,213,1.88,5.6
/capacity-market-and-corporate-rates,4,263,1.52,9.4
/cement-readymix-concrete-electricity-cost-review,4,156,2.56,8.5
/coin-laundry-electricity-cost-review,4,253,1.58,7.0
/continuous-operation-factory-electricity-cost-review,4,213,1.88,16.8
/department-store-electricity-cost-review,4,102,3.92,9.1
/electricity-price-risk-hedge-hybrid,4,134,2.99,12.8
/emergency-cancellation-fee,4,106,3.77,6.9
/factory-fixed-vs-market-linked,4,29,13.79,4.7
/fuel-cost-adjustment-upper-limit,4,196,2.04,6.4
/ghg-protocol-scope2-market-based,4,133,3.01,11.8
/high-voltage-vs-extra-high-voltage-differences,4,305,1.31,22.2
/hospital-electricity-cost-review,4,272,1.47,7.6
/hospital-summer-peak-strategy,4,259,1.54,12.6
/how-electricity-prices-are-determined,4,164,2.44,8.3
/long-term-power-procurement,4,130,3.08,5.8
/municipality-electricity-cost-review,4,467,0.86,41.6
/okayama-business-electricity-cost,4,546,0.73,10.8
/power-procurement-adjustment-fee,4,211,1.90,19.1
/ppa-vs-self-consumption-solar,4,244,1.64,19.0
/renewable-energy-surcharge,4,1178,0.34,8.4
/soho-sole-proprietor-electricity-tax,4,794,0.50,8.7
/subsidy-demand-response-incentive,4,55,7.27,11.8
/subsidy-food-processing-strategy,4,319,1.25,10.1
/subsidy-tokyo-zero-emission-sme,4,898,0.45,9.4
/yonden-corporate-electricity-guide,4,576,0.69,8.2
/agriculture-electricity-cost-review,3,142,2.11,6.2
/articles/by-industry/hotel-leisure/pachinko-amusement,3,194,1.55,8.9
/articles/by-industry/medical-welfare/clinic,3,71,4.23,7.0
/articles/by-industry/office-public/office-small-tenant,3,94,3.19,8.6
/articles/market-data,3,91,3.30,7.6
/articles/municipality,3,37,8.11,9.6
/battery-storage-bcp-peak-cut-hybrid,3,58,5.17,15.1
/business-hotel-electricity-cost-review,3,143,2.10,9.8
/case-study-textile-dyeing-heat-recovery,3,67,4.48,15.3
/case-study-welfare-elderly-energy-saving,3,267,1.12,13.8
/chiba-business-electricity-cost,3,75,4.00,10.1
/clinic-electricity-cost-review,3,105,2.86,10.0
/commercial-facility-electricity-cost-review,3,442,0.68,7.2
/compare,3,100,3.00,9.4
/contract-renewal-checklist,3,52,5.77,4.9
/datacenter-cooling-optimization,3,197,1.52,6.5
/demand-monitoring-device-selection,3,730,0.41,10.1
/demand-response-cost-benefit,3,557,0.54,13.0
/demand-response-summer-strategy,3,317,0.95,24.0
/does-fuel-cost-adjustment-change-even-in-fixed-plan,3,68,4.41,6.6
/electricity-cost-risk-yen-depreciation,3,151,1.99,5.8
/electricity-price-increase-notice-faq,3,61,4.92,4.2
/emergency-price-increase-notice,3,68,4.41,7.0
/food-factory-electricity-cost-review,3,155,1.94,11.8
/frozen-food-electricity-cost-review,3,109,2.75,14.7
/fuel-procurement-and-electricity-prices,3,80,3.75,6.1
/fx-and-corporate-electricity-price,3,283,1.06,5.1
/gas-station-electricity-cost-review,3,256,1.17,6.9
/hair-salon-barber-electricity-cost-review,3,163,1.84,5.6
/hokkaido-gas-corporate-electricity-guide,3,57,5.26,7.2
/how-to-switch-electricity-provider,3,399,0.75,13.6
/inter-area-power-flow-explained,3,183,1.64,5.9
/kagawa-business-electricity-cost,3,471,0.64,9.1
/last-resort-supply,3,232,1.29,7.2
/livestock-electricity-cost-review,3,46,6.52,6.5
/local-utility-corporate-electricity-guide,3,104,2.88,8.3
/ma-electricity-contract-transfer,3,210,1.43,8.4
/market-price-adjustment-history,3,70,4.29,7.0
/mitsuuroko-green-energy-corporate-electricity-guide,3,202,1.49,7.1
/office-building-peak-cut,3,128,2.34,7.6
/osaka-business-electricity-cost,3,373,0.80,11.0
/pharmaceutical-electricity-cost-review,3,177,1.69,9.5
/posters,3,27,11.11,4.8
/power-supply-emergency-response-procedure,3,109,2.75,7.3
/restaurant-chain-electricity-cost-review,3,88,3.41,15.7
/sbt-certification-electricity-plan,3,53,5.66,6.7
/special/gas-scenario-analysis/electrification-comparison,3,42,7.14,10.9
/special/oil-scenario-analysis/travel-and-commute,3,430,0.70,6.8
/subsidy-bemms-fems,3,66,4.55,6.9
/subsidy-cogeneration-introduction,3,232,1.29,7.6
/subsidy-natural-refrigerant-freezer,3,229,1.31,13.0
/subsidy-sagamihara-city-energy-equipment,3,103,2.91,10.0
/subsidy-solar-carport-canopy,3,45,6.67,9.1
/subsidy-utsunomiya-city-decarbonization,3,134,2.24,8.5
/subsidy-yokohama-city-carbon-neutral,3,145,2.07,6.8
/toshima-ku-business-electricity-cost,3,88,3.41,7.9
/veterinary-clinic-electricity-cost-review,3,15,20.00,5.5
/warehouse-battery-considerations,3,1169,0.26,18.2
/wheeling-charge-revenue-cap-timeline,3,445,0.67,9.7
/articles/by-industry/agriculture-primary/plant-factory-greenhouse,2,179,1.12,6.1
/articles/by-industry/hotel-leisure/golf-outdoor-leisure,2,111,1.80,7.4
/articles/by-industry/manufacturing,2,9,22.22,6.2
/articles/by-industry/medical-welfare/general-hospital-200plus,2,33,6.06,5.9
/articles/by-industry/office-public/coworking-space,2,21,9.52,6.0
/articles/plan-types,2,39,5.13,7.7
/basic-charge-explained,2,280,0.71,13.7
/business-electricity-retrospective/2024-high-voltage,2,326,0.61,8.7
/business-electricity-retrospective/2026-06,2,99,2.02,4.7
/capacity-market-timeline,2,56,3.57,12.4
/case-study-chemical-plant-self-generation,2,164,1.22,14.5
/case-study-datacenter-hyperscale-pue,2,10,20.00,8.0
/case-study-greenhouse-horticulture-heatpump,2,66,3.03,5.4
/case-study-supermarket-refrigeration-efficiency,2,107,1.87,8.1
/case-study-swimming-pool-heating,2,31,6.45,5.3
/ceramics-pottery-electricity-cost-review,2,102,1.96,6.4
/compare-market-linked-and-fixed-by-risk-pattern,2,147,1.36,21.0
/distillery-electricity-cost-review,2,38,5.26,7.0
/duck-curve-corporate-impact,2,78,2.56,6.6
/electricity-contract-period-guide,2,211,0.95,5.2
/electricity-cost-risk-heatwave,2,177,1.13,7.0
/electricity-cost-seasonal-pattern,2,42,4.76,6.5
/electricity-expense-accounting,2,265,0.75,12.8
/energy-bcp-overview,2,396,0.51,12.9
/energy-management-roi-calculation,2,88,2.27,6.4
/energy-saving-act-reporting-automation,2,36,5.56,9.3
/europe-energy-crisis-lessons,2,31,6.45,7.3
/funeral-hall-electricity-cost-review,2,132,1.52,5.8
/gifu-business-electricity-cost,2,113,1.77,10.9
/high-voltage-electricity-bill-guide,2,63,3.17,5.8
/ishikawa-business-electricity-cost,2,571,0.35,8.4
/karaoke-box-electricity-cost-review,2,182,1.10,5.6
/market-linked-vs-fixed,2,203,0.99,10.2
/market-price-reflected-in-corporate-rates,2,21,9.52,8.5
/mie-business-electricity-cost,2,845,0.24,7.4
/mie-semiconductor-electricity-cost,2,41,4.88,6.1
/municipality-local-new-power,2,10,20.00,6.4
/nara-business-electricity-cost,2,405,0.49,8.9
/non-fossil-certificate-types-purchase,2,112,1.79,10.3
/oita-business-electricity-cost,2,265,0.75,11.2
/onsite-ppa-explained,2,364,0.55,26.7
/osaka-gas-corporate-electricity-guide,2,302,0.66,8.5
/reduce-cost-without-switching,2,2209,0.09,15.5
/region-okinawa-electricity-price-trend,2,10,20.00,4.2
/renewable-share-price-correlation,2,110,1.82,4.9
/rikuden-corporate-electricity-guide,2,301,0.66,8.8
/shizuoka-gas-power-corporate-electricity-guide,2,61,3.28,6.8
/shosha-affiliated-new-power-corporate-electricity-guide,2,219,0.91,6.9
/simulate,2,38,5.26,5.8
/single-restaurant-electricity-cost-review,2,174,1.15,15.3
/small-store-monthly-electricity-trend,2,38,5.26,5.0
/special/gas-scenario-analysis,2,205,0.98,8.0
/special/gas-scenario-analysis/subsidy-outlook,2,260,0.77,9.4
/special/materials-packaging-scenario-analysis,2,43,4.65,7.0
/spin-off-energy-contracts,2,29,6.90,6.7
/subsidy-battery-solar-equipment,2,1220,0.16,29.8
/subsidy-carbon-neutral-priority-area,2,356,0.56,8.2
/subsidy-datacenter-it-strategy,2,87,2.30,6.1
/subsidy-kanazawa-city-solar-storage,2,73,2.74,8.3
/subsidy-logistics-strategy,2,182,1.10,12.1
/subsidy-nara-city-solar,2,160,1.25,8.7
/subsidy-oita-city-equipment-investment,2,112,1.79,10.0
/subsidy-okayama-city-smart-energy,2,252,0.79,7.0
/subsidy-rejection-reasons-countermeasures,2,283,0.71,6.3
/subsidy-sakai-city-energy-saving,2,54,3.70,6.2
/subsidy-transformer-compressor-renewal,2,38,5.26,7.3
/subsidy-waste-heat-recovery,2,24,8.33,5.3
/supply-demand-planning-glossary,2,343,0.58,11.4
/utility-affiliated-new-power-corporate-electricity-guide,2,20,10.00,5.8
/why-business-electricity-bills-rise-suddenly,2,236,0.85,26.7
/why-business-electricity-prices-rise,2,184,1.09,22.8
/5-minimum-checkpoints-for-electricity-contract-review,1,852,0.12,25.2
/aichi-business-electricity-cost,1,136,0.74,11.1
/akita-business-electricity-cost,1,43,2.33,5.6
/amusement-facility-electricity-cost-review,1,4,25.00,6.0
/articles,1,51,1.96,17.8
/articles/by-industry,1,9,11.11,34.8
/articles/by-industry/hotel-leisure/spa-sauna,1,90,1.11,16.2
/articles/by-industry/it-technology/it-office,1,2,50.00,4.0
/articles/by-industry/manufacturing/chemical-petrochemical,1,5,20.00,4.6
/articles/by-industry/manufacturing/printing-packaging,1,18,5.56,4.2
/articles/by-industry/medical-welfare/nursing-home,1,298,0.34,10.1
/articles/by-industry/office-public/government-office,1,44,2.27,3.8
/articles/by-industry/office-public/office-building-large,1,15,6.67,5.3
/articles/by-industry/office-public/office-building-mid,1,38,2.63,6.7
/articles/by-industry/office-public/university-research-institute,1,44,2.27,4.8
/articles/contract-legal,1,80,1.25,5.1
/articles/decarbonization,1,37,2.70,27.1
/articles/emergency-response,1,40,2.50,11.6
/articles/energy-bcp,1,168,0.60,24.7
/articles/industry-guide,1,45,2.22,9.8
/articles/regulation-timeline,1,104,0.96,10.3
/assembly-factory-electricity-cost-review,1,42,2.38,18.1
/bcp-private-power-generation,1,364,0.27,22.2
/budget-focused-plan-selection,1,3,33.33,7.3
/business-electricity-retrospective/2020-extra-high-voltage,1,21,4.76,6.8
/business-electricity-retrospective/2020-high-voltage,1,13,7.69,5.3
/business-electricity-retrospective/2021-extra-high-voltage,1,37,2.70,7.0
/business-electricity-retrospective/2023-high-voltage,1,26,3.85,24.1
/business-electricity-retrospective/2024-low-voltage-lighting,1,3,33.33,6.3
/business-electricity-retrospective/2026-02,1,62,1.61,8.8
/capacity-contribution-impact-on-business,1,257,0.39,8.2
/case-study-brewery-temperature-control,1,9,11.11,4.6
/case-study-car-dealer-workshop,1,1,100.00,1.0
/case-study-food-processing-cogeneration,1,62,1.61,26.0
/case-study-hospital-peak-cut,1,3,33.33,5.3
/case-study-hotel-market-linked-switch,1,2,50.00,3.5
/case-study-paper-mill-biomass-cogeneration,1,18,5.56,11.2
/case-study-printing-plant-energy-saving,1,10,10.00,4.7
/case-study-seafood-processing-freezer,1,9,11.11,8.6
/cdp-questionnaire-electricity-response,1,22,4.55,7.1
/contract-review-for-accounting,1,2,50.00,7.5
/corporate-ppa-overview,1,80,1.25,22.9
/corporate-v2h-ocpp-guide,1,34,2.94,10.1
/decarbonization-glossary,1,14,7.14,9.6
/demand-control-reduction-effect,1,331,0.30,27.1
/distribution-center-electricity-cost-review,1,105,0.95,8.4
/drugstore-electricity-cost-reduction,1,135,0.74,4.7
/electricity-bcp-for-corporates,1,81,1.23,12.4
/electricity-contract-cancellation-renewal-terms,1,128,0.78,19.9
/electricity-cost-risk-disaster,1,93,1.08,6.4
/electricity-double-billing-faq#toc-0,1,1708,0.06,5.8
/electricity-scenario-simulation,1,13,7.69,6.9
/electronic-components-electricity-cost-review,1,11,9.09,6.9
/ennet-corporate-electricity-guide,1,185,0.54,9.3
/ev-charging-electricity-cost-business,1,214,0.47,8.1
/explaining-fixed-vs-market-to-management,1,8,12.50,25.8
/extra-high-voltage-contract-review-points,1,153,0.65,10.7
/faq-market-linked-plan,1,35,2.86,12.1
/film-production-studio-electricity-cost-review,1,19,5.26,4.5
/fixed-price-plan,1,161,0.62,6.0
/force-majeure-electricity,1,99,1.01,7.9
/fuel-adjustment-surge-impact,1,38,2.63,8.7
/gunma-business-electricity-cost,1,67,1.49,10.5
/high-voltage-market-linked-considerations,1,93,1.08,6.7
/holding-company-electricity-review,1,115,0.87,8.6
/how-procurement-affects-corporate-rates,1,60,1.67,6.6
/how-to,1,22,4.55,6.1
/how-to-check-capacity-contribution-terms,1,237,0.42,20.1
/how-to-check-market-price-adjustment-terms,1,4,25.00,6.0
/how-to-explain-electricity-cost-review-internally,1,27,3.70,37.3
/how-to-read-electricity-bill,1,9,11.11,3.3
/how-to-start-electricity-contract-review,1,188,0.53,24.0
/hyogo-business-electricity-cost,1,489,0.20,9.9
/hyperscaler-renewable-100-practice,1,62,1.61,11.8
/ibaraki-logistics-electricity-cost,1,75,1.33,9.8
/information-to-prepare-before-quotation-request,1,6,16.67,3.3
/last-resort-supply-switch,1,84,1.19,6.6
/led-air-conditioning-reduction-effect,1,12,8.33,6.2
/low-voltage-glossary,1,77,1.30,11.9
/microgrid-for-business,1,32,3.13,14.1
/mid-term-cancellation-clause-guide,1,4,25.00,7.5
/nagasaki-business-electricity-cost,1,33,3.03,7.0
/nerima-ku-business-electricity-cost,1,53,1.89,5.9
/non-fossil-certificates,1,162,0.62,26.5
/oil-and-corporate-electricity-price,1,17,5.88,7.2
/okinawa-hotel-electricity-cost,1,29,3.45,8.8
/plastic-electricity-cost-review,1,23,4.35,5.3
/plating-surface-treatment-electricity-cost-review,1,18,5.56,3.8
/power-futures,1,99,1.01,7.9
/power-market-regulation-overview,1,5,20.00,4.6
/price-revision-clause-reading,1,406,0.25,7.7
/printing-electricity-cost-review,1,11,9.09,5.7
/pulp-paper-electricity-cost-review,1,133,0.75,7.5
/quotation-comparison-table-guide,1,40,2.50,8.2
/rate-structure-glossary,1,11,9.09,5.2
/region-okinawa-business-electricity,1,195,0.51,8.9
/region-shikoku-electricity-price-trend,1,40,2.50,7.3
/retail-cfo-electricity-strategy,1,78,1.28,5.9
/retail-store-electricity-cost-review,1,316,0.32,30.0
/sala-e-energy-corporate-electricity-guide,1,36,2.78,7.7
/self-consumption-solar-cost-benefit,1,9,11.11,6.0
/setagaya-ku-business-electricity-cost,1,48,2.08,5.9
/shibuya-ku-business-electricity-cost,1,8,12.50,7.8
/shizuoka-business-electricity-cost,1,619,0.16,10.5
/sme-accessible-ppa-options,1,102,0.98,15.8
/sme-vs-large-company-electricity-impact,1,195,0.51,17.6
/special/emergency-scenario-analysis/background,1,5,20.00,9.8
/special/emergency-scenario-analysis/industry-impact,1,4,25.00,8.5
/special/emergency-scenario-analysis/mechanism,1,93,1.08,8.0
/special/gas-scenario-analysis/price-mechanism,1,152,0.66,10.1
/subsidy-chiba-city-sme-energy,1,51,1.96,8.6
/subsidy-energy-saving-diagnosis,1,53,1.89,7.0
/subsidy-gx-cn-investment-tax,1,37,2.70,7.4
/subsidy-hydrogen-fuel-cell,1,98,1.02,7.5
/subsidy-iwaki-city-solar,1,147,0.68,9.9
/subsidy-kanagawa-sme-energy-equipment,1,68,1.47,7.9
/subsidy-kumamoto-city-energy-equipment,1,193,0.52,9.0
/subsidy-retail-commerce-strategy,1,1,100.00,6.0
/subsidy-roi-payback-calculation,1,13,7.69,7.2
/subsidy-sapporo-manufacturing-energy,1,42,2.38,5.7
/subsidy-sme-management-strengthening-tax,1,20,5.00,7.3
/subsidy-tsukuba-city-energy-saving,1,71,1.41,8.4
/subsidy-wakayama-city-decarbonization,1,89,1.12,6.6
/subsidy-zeb-zeh-building,1,18,5.56,14.4
/summer-peak-electricity-cost-cfo,1,9,11.11,6.3
/switching-business-electricity-contract,1,364,0.27,7.8
/tochigi-medical-device-electricity-cost,1,7,14.29,6.4
/tokushima-business-electricity-cost,1,42,2.38,8.2
/toyama-business-electricity-cost,1,320,0.31,13.0
/updater-minden-corporate-electricity-guide,1,39,2.56,6.1
/when-will-business-electricity-prices-drop,1,2,50.00,6.5
/who-should-choose-market-linked-plan,1,103,0.97,19.1
/who-should-handle-electricity-contract-review,1,14,7.14,5.2
/worst-case-electricity-cost-risk,1,100,1.00,4.9
/yamagata-business-electricity-cost,1,65,1.54,9.5
/about/author,0,2,0.00,2.0
/about/editorial-policy,0,1,0.00,8.0
/adachi-ku-business-electricity-cost,0,5,0.00,7.2
/advertising-electricity-cost-review,0,54,0.00,7.1
/ai-demand-2030-forecast#toc-0,0,396,0.00,5.3
/ai-demand-2030-forecast#toc-1,0,286,0.00,5.8
/ai-demand-2030-forecast#toc-2,0,383,0.00,5.4
/ai-demand-2030-forecast#toc-3,0,130,0.00,6.6
/ai-demand-2030-forecast#toc-4,0,137,0.00,6.6
/ai-demand-2030-forecast#toc-5,0,230,0.00,5.4
/ai-demand-2030-forecast#toc-6,0,246,0.00,5.5
/aichi-automotive-electricity-cost,0,7,0.00,8.3
/aomori-business-electricity-cost,0,9,0.00,13.9
/api/og/global-energy,0,1,0.00,2.0
/api/og/seasonal-strategy,0,2,0.00,2.5
/approval-document-key-points,0,18,0.00,7.4
/arakawa-ku-business-electricity-cost,0,2,0.00,5.5
/articles/accounting-tax,0,42,0.00,17.9
/articles/benchmarks,0,26,0.00,17.6
/articles/by-industry/agriculture-primary,0,3,0.00,4.0
/articles/by-industry/commercial/apparel-zakka,0,12,0.00,2.8
/articles/by-industry/commercial/cafe-bakery,0,49,0.00,9.4
/articles/by-industry/commercial/department-store,0,107,0.00,4.4
/articles/by-industry/commercial/drugstore,0,2,0.00,5.5
/articles/by-industry/commercial/electronics-retailer,0,1,0.00,2.0
/articles/by-industry/commercial/fast-food-chain,0,6,0.00,4.5
/articles/by-industry/commercial/home-center,0,2,0.00,5.0
/articles/by-industry/commercial/large-shopping-mall,0,4,0.00,5.5
/articles/by-industry/commercial/restaurant-izakaya,0,26,0.00,22.3
/articles/by-industry/commercial/supermarket-small,0,5,0.00,8.4
/articles/by-industry/hotel-leisure,0,4,0.00,24.0
/articles/by-industry/hotel-leisure/business-hotel,0,73,0.00,9.7
/articles/by-industry/hotel-leisure/cinema-theater,0,172,0.00,6.1
/articles/by-industry/hotel-leisure/city-hotel-resort-hotel,0,2,0.00,3.0
/articles/by-industry/hotel-leisure/ryokan-onsen,0,79,0.00,6.1
/articles/by-industry/it-technology/mid-small-data-center,0,7,0.00,22.1
/articles/by-industry/logistics-infrastructure,0,14,0.00,5.4
/articles/by-industry/logistics-infrastructure/logistics-center-ambient,0,4,0.00,3.0
/articles/by-industry/logistics-infrastructure/truck-terminal,0,2,0.00,2.5
/articles/by-industry/manufacturing/automobile-transport-equipment,0,19,0.00,4.5
/articles/by-industry/manufacturing/food-beverage-factory,0,4,0.00,11.5
/articles/by-industry/manufacturing/paper-pulp,0,15,0.00,3.3
/articles/by-industry/manufacturing/pharmaceutical-cosmetics,0,18,0.00,15.1
/articles/by-industry/manufacturing/textile-apparel,0,7,0.00,4.0
/articles/by-industry/medical-welfare,0,11,0.00,16.2
/articles/by-industry/medical-welfare/dental-clinic,0,2,0.00,4.5
/articles/by-industry/medical-welfare/nursery-kindergarten,0,12,0.00,5.6
/articles/by-industry/medical-welfare/small-hospital-under-200,0,72,0.00,5.9
/articles/by-industry/office-public,0,4,0.00,7.3
/articles/by-industry/office-public/library-museum,0,17,0.00,7.1
/articles/by-municipality,0,6,0.00,4.8
/articles/case-studies,0,23,0.00,41.8
/articles/cfo-executive,0,1,0.00,4.0
/articles/corporate-ppa,0,119,0.00,55.8
/articles/datacenter-ai-demand,0,5,0.00,28.6
/articles/diagnostic-tools,0,15,0.00,11.1
/articles/energy-dx,0,52,0.00,17.0
/articles/energy-equipment,0,2,0.00,10.5
/articles/ev-charging,0,19,0.00,8.7
/articles/faq,0,1,0.00,1.0
/articles/for-executives,0,2,0.00,3.5
/articles/global-energy,0,7,0.00,16.3
/articles/glossary,0,98,0.00,12.1
/articles/internal-explanation,0,5,0.00,9.2
/articles/last-resort-supply,0,43,0.00,23.2
/articles/ma-organizational-change,0,48,0.00,23.3
/articles/monthly-review,0,2,0.00,35.5
/articles/power-procurement,0,69,0.00,10.3
/articles/price-increase,0,37,0.00,33.9
/articles/review-points,0,41,0.00,89.7
/articles/risk-scenarios,0,6,0.00,29.2
/articles/seasonal-strategy,0,2,0.00,7.0
/articles/sme-guide,0,8,0.00,22.4
/articles/subsidies,0,67,0.00,10.8
/auto-renewal-clause-risks,0,4,0.00,10.3
/battery-suitability-diagnosis,0,1,0.00,11.0
/battery-suited-corporations,0,73,0.00,8.0
/bcp-drill-scenario-for-electricity#toc-0,0,7,0.00,3.1
/bcp-drill-scenario-for-electricity#toc-1,0,8,0.00,3.1
/bcp-drill-scenario-for-electricity#toc-2,0,6,0.00,3.7
/bcp-drill-scenario-for-electricity#toc-5,0,5,0.00,3.8
/bcp-drill-scenario-for-electricity#toc-6,0,5,0.00,3.8
/bcp-drill-scenario-for-electricity#toc-7,0,5,0.00,3.8
/bcp-drill-scenario-for-electricity#toc-8,0,5,0.00,3.8
/bems-fems-ems-overview,0,19,0.00,10.3
/benchmark,0,2,0.00,6.5
/beverage-electricity-cost-review,0,3,0.00,6.7
/bill-check-diagnosis,0,2,0.00,10.0
/billing-quotation-guide,0,1,0.00,8.0
/broadcasting-electricity-cost-review,0,2,0.00,6.0
/budget-planning-in-high-price-era,0,2,0.00,3.0
/bunkyo-ku-business-electricity-cost,0,21,0.00,7.0
/business-electricity-bill-breakdown#toc-0,0,29,0.00,4.3
/business-electricity-bill-breakdown#toc-10,0,26,0.00,4.0
/business-electricity-bill-breakdown#toc-18,0,31,0.00,4.0
/business-electricity-bill-breakdown#toc-3,0,34,0.00,4.3
/business-electricity-bill-breakdown#toc-32,0,26,0.00,4.0
/business-electricity-bill-breakdown#toc-8,0,34,0.00,4.3
/business-electricity-bill-breakdown#toc-9,0,26,0.00,4.0
/business-electricity-price-hike-reasons-2026#toc-0,0,72,0.00,8.8
/business-electricity-price-hike-reasons-2026#toc-2,0,48,0.00,9.4
/business-electricity-price-hike-reasons-2026#toc-3,0,48,0.00,9.4
/business-electricity-price-hike-reasons-2026#toc-4,0,48,0.00,9.4
/business-electricity-price-hike-reasons-2026#toc-5,0,48,0.00,9.4
/business-electricity-price-hike-reasons-2026#toc-6,0,49,0.00,9.4
/business-electricity-price-hike-reasons-2026#toc-7,0,73,0.00,8.8
/business-electricity-price-trend-10-years#toc-1,0,770,0.00,5.5
/business-electricity-price-trend-10-years#toc-18,0,710,0.00,5.5
/business-electricity-price-trend-10-years#toc-19,0,748,0.00,5.5
/business-electricity-price-trend-10-years#toc-21,0,709,0.00,5.5
/business-electricity-price-trend-10-years#toc-22,0,748,0.00,5.5
/business-electricity-price-trend-10-years#toc-23,0,818,0.00,5.9
/business-electricity-price-trend-10-years#toc-5,0,797,0.00,5.9
/business-electricity-retrospective/2019-high-voltage,0,1,0.00,9.0
/business-electricity-retrospective/2019-low-voltage-lighting,0,1,0.00,2.0
/business-electricity-retrospective/2020-low-voltage-lighting,0,2,0.00,6.0
/business-electricity-retrospective/2020-low-voltage-power,0,8,0.00,6.6
/business-electricity-retrospective/2021-high-voltage,0,2,0.00,6.0
/business-electricity-retrospective/2021-low-voltage-power,0,11,0.00,4.9
/business-electricity-retrospective/2022-extra-high-voltage,0,5,0.00,8.4
/business-electricity-retrospective/2022-low-voltage-power,0,10,0.00,5.4
/business-electricity-retrospective/2023-extra-high-voltage,0,17,0.00,8.4
/business-electricity-retrospective/2023-low-voltage-power,0,10,0.00,25.9
/business-electricity-retrospective/2024-extra-high-voltage,0,13,0.00,6.2
/business-electricity-retrospective/2024-low-voltage-power,0,15,0.00,17.5
/business-electricity-retrospective/2025-10,0,38,0.00,7.7
/business-electricity-retrospective/2025-11,0,16,0.00,15.5
/business-electricity-retrospective/2025-low-voltage-lighting,0,7,0.00,4.0
/business-electricity-retrospective/2025-low-voltage-power,0,33,0.00,5.0
/business-electricity-retrospective/2026-01,0,76,0.00,8.2
/business-electricity-retrospective/2026-03,0,16,0.00,4.0
/business-electricity-retrospective/archive,0,9,0.00,46.4
/business-electricity-retrospective/ukraine-shock-and-contract-practice,0,1,0.00,26.0
/business-electricity-retrospective/ukraine-shock-timeline-2021-2023,0,1,0.00,1.0
/businesses-not-suited-for-market-linked-electricity-plan,0,7,0.00,5.7
/call-center-bpo-electricity-cost-review,0,7,0.00,6.3
/capacity-contribution-cost-impact,0,9,0.00,6.4
/capacity-contribution-history#toc-0,0,133,0.00,5.5
/capacity-contribution-history#toc-1,0,146,0.00,6.0
/capacity-contribution-history#toc-10,0,149,0.00,6.0
/capacity-contribution-history#toc-2,0,47,0.00,7.8
/capacity-contribution-history#toc-9,0,26,0.00,6.8
/capacity-contribution-simulation,0,55,0.00,7.8
/car-dealership-electricity-cost-review,0,5,0.00,8.4
/case-study-agri-coop-grain-dryer#toc-0,0,6,0.00,7.8
/case-study-agri-coop-grain-dryer#toc-1,0,4,0.00,7.3
/case-study-agri-coop-grain-dryer#toc-2,0,3,0.00,9.0
/case-study-agri-coop-grain-dryer#toc-3,0,5,0.00,9.0
/case-study-agri-coop-grain-dryer#toc-4,0,1,0.00,11.0
/case-study-agri-coop-grain-dryer#toc-5,0,4,0.00,8.5
/case-study-agri-coop-grain-dryer#toc-6,0,3,0.00,9.0
/case-study-agri-coop-grain-dryer#toc-7,0,3,0.00,9.0
/case-study-auto-tier1-ppa-introduction,0,54,0.00,9.8
/case-study-cinema-amusement-hvac,0,4,0.00,6.8
/case-study-coin-laundry-multisite,0,10,0.00,8.5
/case-study-commercial-laundry-boiler,0,6,0.00,8.2
/case-study-factory-large-energy-saving-investment,0,24,0.00,19.3
/case-study-fitness-gym-24h,0,2,0.00,6.0
/case-study-golf-course-demand-control,0,1,0.00,5.0
/case-study-home-improvement-store,0,4,0.00,8.3
/case-study-hotel-resort-cogeneration#toc-0,0,3,0.00,2.0
/case-study-hotel-resort-cogeneration#toc-10,0,2,0.00,2.0
/case-study-hotel-resort-cogeneration#toc-2,0,2,0.00,2.0
/case-study-hotel-resort-cogeneration#toc-3,0,1,0.00,2.0
/case-study-hotel-resort-cogeneration#toc-4,0,1,0.00,2.0
/case-study-hotel-resort-cogeneration#toc-5,0,2,0.00,2.0
/case-study-hotel-resort-cogeneration#toc-6,0,1,0.00,2.0
/case-study-hotel-resort-cogeneration#toc-7,0,2,0.00,2.0
/case-study-hotel-resort-cogeneration#toc-8,0,2,0.00,2.0
/case-study-last-resort-recovery,0,1,0.00,3.0
/case-study-logistics-cold-storage-battery,0,45,0.00,39.3
/case-study-logistics-solar-integration,0,186,0.00,20.8
/case-study-manufacturer-medium-contract-review,0,9,0.00,9.7
/case-study-manufacturing-cost-reduction,0,2,0.00,3.5
/case-study-metal-processing-heat-treatment,0,41,0.00,9.9
/case-study-office-building-review,0,17,0.00,9.6
/case-study-private-school-multi-campus,0,1,0.00,16.0
/case-study-restaurant-chain-demand-control,0,19,0.00,41.1
/case-study-retail-chain-review,0,3,0.00,6.3
/case-study-retail-multistore-bulk-contract,0,2,0.00,5.0
/case-study-roadside-station,0,20,0.00,5.3
/case-study-semiconductor-re100-procurement,0,58,0.00,6.2
/case-study-shopping-center-zeb,0,8,0.00,4.6
/case-study-spa-bath-facility-heatpump,0,9,0.00,4.0
/case-study-steel-electric-furnace-demand,0,15,0.00,7.8
/case-study-tenant-building-owner-common-area,0,3,0.00,5.7
/case-study-university-large-campus-management,0,9,0.00,5.4
/case-study-warehouse-auto-rooftop-pv,0,460,0.00,60.3
/case-study-wholesale-market-cold-storage,0,6,0.00,52.0
/casting-diecasting-electricity-cost-review,0,15,0.00,5.9
/cfo-decarbonization-investor-narrative,0,1,0.00,7.0
/cfo-electricity-cost-basics,0,3,0.00,6.3
/cfo-fx-oil-correlation-analysis,0,1,0.00,3.0
/cfo-global-consolidated-energy-management,0,4,0.00,3.8
/cfo-integrated-report-electricity-disclosure,0,2,0.00,7.5
/cfo-ma-due-diligence-electricity,0,4,0.00,6.5
/cfo-seasonal-scenario-budgeting,0,2,0.00,14.0
/cfo-supply-chain-cn-strategy,0,14,0.00,6.9
/cfo-tcfd-issb-electricity-disclosure,0,2,0.00,8.5
/charging-station-contract-types,0,21,0.00,7.1
/cheap-unit-price-not-always-better,0,28,0.00,7.6
/chemical-electricity-cost-review,0,17,0.00,5.4
/chiba-chemical-electricity-cost,0,14,0.00,8.6
/china-southeast-asia-electricity-procurement,0,3,0.00,8.3
/chiyoda-ku-business-electricity-cost,0,12,0.00,6.4
/chuden-miraiz-corporate-electricity-guide#toc-0,0,27,0.00,7.7
/chuden-miraiz-corporate-electricity-guide#toc-1,0,10,0.00,7.8
/chuden-miraiz-corporate-electricity-guide#toc-2,0,7,0.00,9.1
/chuden-miraiz-corporate-electricity-guide#toc-3,0,8,0.00,8.5
/chuden-miraiz-corporate-electricity-guide#toc-4,0,1,0.00,9.0
/chuden-miraiz-corporate-electricity-guide#toc-5,0,8,0.00,8.5
/chuden-miraiz-corporate-electricity-guide#toc-7,0,2,0.00,7.0
/chuden-miraiz-corporate-electricity-guide#toc-8,0,23,0.00,7.8
/chuden-miraiz-corporate-electricity-guide#toc-9,0,8,0.00,8.5
/chuo-ku-business-electricity-cost,0,6,0.00,8.0
/commercial-facility-battery-considerations,0,12,0.00,5.8
/commercial-facility-fixed-vs-market-linked,0,1,0.00,4.0
/compare-business-electricity-estimates,0,16,0.00,14.9
/concierge,0,8,0.00,23.1
/confectionery-electricity-cost-review,0,2,0.00,4.5
/construction-electricity-cost-review,0,27,0.00,5.6
/consulting-electricity-cost-review,0,32,0.00,11.0
/contact,0,55,0.00,7.9
/contract-renewal-timing-diagnosis,0,6,0.00,7.2
/contract-review-for-general-affairs,0,4,0.00,6.8
/contract-review-practice-guide,0,1,0.00,1.0
/contract-review-reduction-effect,0,207,0.00,37.0
/convenience-store-electricity-cost-review,0,2,0.00,7.5
/corporate-decarbonization-overview,0,10,0.00,4.8
/corporate-ev-charging-basics,0,9,0.00,9.3
/cosmo-denki-corporate-electricity-guide,0,52,0.00,7.6
/dairy-electricity-cost-review,0,7,0.00,10.3
/data-center-electricity-cost-review#toc-0,0,286,0.00,8.2
/data-center-electricity-cost-review#toc-1,0,165,0.00,8.5
/data-center-electricity-cost-review#toc-10,0,3,0.00,8.7
/data-center-electricity-cost-review#toc-11,0,168,0.00,8.5
/data-center-electricity-cost-review#toc-13,0,155,0.00,8.4
/data-center-electricity-cost-review#toc-2,0,279,0.00,8.2
/data-center-electricity-cost-review#toc-3,0,169,0.00,8.5
/data-center-electricity-cost-review#toc-4,0,3,0.00,8.7
/data-center-electricity-cost-review#toc-5,0,20,0.00,9.1
/data-center-electricity-cost-review#toc-6,0,103,0.00,8.7
/data-center-electricity-cost-review#toc-7,0,31,0.00,7.1
/data-center-electricity-cost-review#toc-8,0,25,0.00,9.4
/data-center-electricity-cost-review#toc-9,0,1,0.00,9.0
/data-freshness,0,4,0.00,6.0
/data-visualizations,0,4,0.00,5.3
/datacenter-location-grid-constraints#toc-0,0,23,0.00,9.8
/datacenter-location-grid-constraints#toc-2,0,8,0.00,9.6
/datacenter-location-grid-constraints#toc-3,0,7,0.00,9.6
/datacenter-location-grid-constraints#toc-4,0,22,0.00,9.8
/datacenter-location-grid-constraints#toc-6,0,5,0.00,9.8
/datacenter-location-grid-constraints#toc-7,0,5,0.00,9.8
/datacenter-location-grid-constraints#toc-8,0,19,0.00,10.0
/datacenter-summer-cooling-strategy#toc-0,0,29,0.00,5.7
/datacenter-summer-cooling-strategy#toc-1,0,19,0.00,5.8
/datacenter-summer-cooling-strategy#toc-10,0,1,0.00,8.0
/datacenter-summer-cooling-strategy#toc-11,0,1,0.00,8.0
/datacenter-summer-cooling-strategy#toc-12,0,11,0.00,7.0
/datacenter-summer-cooling-strategy#toc-2,0,17,0.00,6.1
/datacenter-summer-cooling-strategy#toc-3,0,12,0.00,6.8
/datacenter-summer-cooling-strategy#toc-5,0,3,0.00,7.7
/datacenter-summer-cooling-strategy#toc-6,0,12,0.00,7.1
/datacenter-summer-cooling-strategy#toc-7,0,11,0.00,6.9
/datacenter-summer-cooling-strategy#toc-9,0,2,0.00,9.0
/demand-control-guide#toc-0,0,12,0.00,9.7
/demand-control-guide#toc-1,0,10,0.00,10.2
/demand-control-guide#toc-2,0,9,0.00,10.2
/demand-control-guide#toc-3,0,7,0.00,9.9
/demand-control-guide#toc-4,0,6,0.00,9.8
/demand-decile-price-risk,0,18,0.00,6.8
/demand-monitoring-device-selection#toc-0,0,6,0.00,9.8
/demand-monitoring-device-selection#toc-1,0,6,0.00,9.8
/demand-monitoring-device-selection#toc-10,0,3,0.00,10.7
/demand-monitoring-device-selection#toc-2,0,3,0.00,10.7
/demand-monitoring-device-selection#toc-6,0,3,0.00,10.7
/demand-monitoring-device-selection#toc-7,0,3,0.00,10.7
/demand-monitoring-device-selection#toc-8,0,6,0.00,9.8
/demand-response-suited-corporations,0,26,0.00,43.8
/demand-response-summer-strategy#toc-11,0,1,0.00,2.0
/demand-response-summer-strategy#toc-2,0,1,0.00,2.0
/demand-response-summer-strategy#toc-4,0,1,0.00,2.0
/demand-value-guide#toc-1,0,78,0.00,3.4
/demand-value-guide#toc-10,0,12,0.00,4.4
/demand-value-guide#toc-2,0,77,0.00,3.4
/demand-value-guide#toc-3,0,44,0.00,3.7
/demand-value-guide#toc-4,0,47,0.00,3.8
/demand-value-guide#toc-5,0,49,0.00,3.7
/demand-value-guide#toc-6,0,48,0.00,3.7
/demand-value-guide#toc-7,0,34,0.00,3.5
/demand-value-guide#toc-9,0,2,0.00,5.0
/dispensing-pharmacy-electricity-cost-review,0,1,0.00,4.0
/documents-needed-for-electricity-contract-review,0,8,0.00,8.1
/drugstore-electricity-cost-review,0,68,0.00,9.8
/dry-cleaning-electricity-cost-review,0,14,0.00,5.2
/edogawa-ku-business-electricity-cost,0,10,0.00,7.7
/ehime-business-electricity-cost,0,50,0.00,8.5
/ehime-paper-electricity-cost,0,4,0.00,5.8
/electricity-contract-clauses,0,1,0.00,3.0
/electricity-cost-reduction-action-map,0,1,0.00,1.0
/electricity-cost-reduction-case-studies,0,4,0.00,5.5
/electricity-cost-risk-geopolitics,0,4,0.00,4.5
/electricity-double-billing-faq#toc-1,0,1497,0.00,5.9
/electricity-double-billing-faq#toc-2,0,1688,0.00,5.8
/electricity-double-billing-faq#toc-3,0,1491,0.00,5.9
/electricity-double-billing-faq#toc-4,0,1499,0.00,5.9
/electricity-glossary,0,12,0.00,4.7
/electricity-market-liberalization-impact,0,8,0.00,7.9
/electricity-price-by-voltage-type,0,26,0.00,6.2
/electricity-price-subsidy-impact,0,60,0.00,7.2
/electricity-price-trend-2019-2025#toc-0,0,18,0.00,4.3
/electricity-price-trend-2019-2025#toc-1,0,9,0.00,4.9
/electricity-price-trend-2019-2025#toc-2,0,11,0.00,5.6
/electricity-price-trend-2019-2025#toc-3,0,11,0.00,4.8
/electricity-price-trend-2019-2025#toc-5,0,12,0.00,4.7
/electricity-price-trend-2019-2025#toc-6,0,11,0.00,5.6
/electricity-price-trend-2019-2025#toc-7,0,9,0.00,5.9
/electricity-price-without-renewable-surcharge,0,19,0.00,11.6
/electricity-quote-evaluation-checklist,0,30,0.00,6.7
/electronics-electricity-cost-review,0,3,0.00,4.7
/emergency-auto-renewal-refusal,0,37,0.00,7.8
/emergency-budget-overrun-response,0,7,0.00,8.3
/emergency-last-resort-notification,0,1,0.00,14.0
/emergency-missed-renewal-deadline,0,5,0.00,5.2
/eneos-denki-corporate-electricity-guide,0,147,0.00,8.6
/energia-corporate-electricity-guide,0,9,0.00,7.3
/erex-corporate-electricity-guide,0,31,0.00,6.7
/ev-charging-glossary,0,239,0.00,5.9
/ev-fleet-cost-calculation,0,9,0.00,8.0
/executive-board-report-template,0,4,0.00,6.5
/executive-ebitda-impact,0,7,0.00,6.7
/executive-ma-electricity-due-diligence,0,18,0.00,7.1
/executive-peer-cost-benchmarking,0,2,0.00,6.5
/explaining-bill-fluctuation-factors,0,24,0.00,6.9
/explaining-price-surge-risk,0,2,0.00,3.5
/extra-high-voltage-electricity-bill-guide,0,5,0.00,17.0
/extra-high-voltage-quotation-guide,0,7,0.00,6.7
/extreme-heat-electricity-risk,0,4,0.00,8.5
/factory-electricity-cost-reduction,0,51,0.00,14.1
/faq-why-business-electricity-high,0,12,0.00,8.2
/fixed-price-plan#toc-0,0,6,0.00,5.5
/fixed-price-plan#toc-1,0,6,0.00,5.5
/fixed-price-plan#toc-2,0,4,0.00,6.0
/fixed-price-plan#toc-4,0,4,0.00,6.0
/fixed-price-plan#toc-5,0,6,0.00,5.5
/fixed-price-plan#toc-6,0,4,0.00,6.0
/fixed-price-plan#toc-7,0,4,0.00,6.0
/fixed-vs-market-linked-guide,0,7,0.00,7.6
/forging-heat-treatment-electricity-cost-review,0,3,0.00,5.0
/fuel-cost-adjustment-history#toc-0,0,157,0.00,9.0
/fuel-cost-adjustment-history#toc-10,0,157,0.00,9.0
/fuel-cost-adjustment-history#toc-9,0,157,0.00,9.0
/fuel-vs-market-adjustment-comparison#toc-0,0,475,0.00,8.7
/fuel-vs-market-adjustment-comparison#toc-1,0,462,0.00,8.5
/fuel-vs-market-adjustment-comparison#toc-2,0,854,0.00,8.4
/fuel-vs-market-adjustment-comparison#toc-3,0,842,0.00,8.3
/fuel-vs-market-adjustment-comparison#toc-6,0,427,0.00,8.7
/fuel-vs-market-adjustment-comparison#toc-9,0,424,0.00,8.7
/fukui-business-electricity-cost,0,24,0.00,8.9
/fukui-textile-electricity-cost,0,5,0.00,21.8
/fukuoka-business-electricity-cost,0,24,0.00,7.3
/fukuoka-retail-commerce-electricity-cost,0,41,0.00,7.0
/fukushima-business-electricity-cost,0,769,0.00,8.3
/fukushima-electronics-electricity-cost,0,2,0.00,6.5
/funeral-hall-electricity-cost-review#toc-0,0,1,0.00,2.0
/funeral-hall-electricity-cost-review#toc-1,0,2,0.00,2.5
/funeral-hall-electricity-cost-review#toc-11,0,1,0.00,2.0
/funeral-hall-electricity-cost-review#toc-2,0,1,0.00,2.0
/funeral-hall-electricity-cost-review#toc-3,0,2,0.00,2.5
/funeral-hall-electricity-cost-review#toc-4,0,1,0.00,2.0
/funeral-hall-electricity-cost-review#toc-7,0,1,0.00,2.0
/gas-station-electricity-cost-review#toc-0,0,13,0.00,3.5
/gas-station-electricity-cost-review#toc-1,0,13,0.00,3.8
/gas-station-electricity-cost-review#toc-11,0,15,0.00,3.5
/gas-station-electricity-cost-review#toc-2,0,14,0.00,3.6
/gas-station-electricity-cost-review#toc-3,0,12,0.00,3.7
/gas-station-electricity-cost-review#toc-5,0,5,0.00,2.6
/gas-station-electricity-cost-review#toc-6,0,2,0.00,2.0
/gas-station-electricity-cost-review#toc-8,0,7,0.00,4.4
/gas-station-electricity-cost-review#toc-9,0,8,0.00,4.5
/gifu-ceramics-electricity-cost,0,7,0.00,7.6
/glass-ceramics-electricity-cost-review,0,4,0.00,7.0
/glass-manufacturing-electricity-cost-review,0,3,0.00,4.7
/global-renewable-procurement-strategy,0,13,0.00,5.3
/group-electricity-consolidation,0,13,0.00,6.2
/gunma-automotive-electricity-cost,0,7,0.00,6.7
/gx-ets-impact-business-electricity#toc-0,0,12,0.00,2.7
/gx-ets-impact-business-electricity#toc-1,0,11,0.00,2.2
/gx-ets-impact-business-electricity#toc-10,0,4,0.00,2.0
/gx-ets-impact-business-electricity#toc-2,0,5,0.00,2.4
/gx-ets-impact-business-electricity#toc-3,0,5,0.00,2.4
/gx-ets-impact-business-electricity#toc-4,0,2,0.00,3.0
/gx-ets-impact-business-electricity#toc-6,0,12,0.00,2.7
/gx-ets-impact-business-electricity#toc-7,0,8,0.00,3.0
/gx-promotion-act-roadmap,0,3,0.00,4.7
/health-food-electricity-cost-review,0,17,0.00,9.1
/heatwave-climate-electricity-cost-outlook,0,6,0.00,7.3
/hepco-corporate-electricity-guide,0,221,0.00,10.0
/hidden-electricity-price-increases,0,25,0.00,7.3
/high-voltage-contract-review-points,0,18,0.00,15.2
/high-voltage-quotation-guide,0,9,0.00,5.1
/hiroshima-automotive-electricity-cost,0,5,0.00,12.2
/hokkaido-business-electricity-cost,0,15,0.00,8.1
/hokkaido-food-processing-electricity-cost,0,6,0.00,7.2
/hotel-electricity-cost-review#toc-0,0,110,0.00,5.6
/hotel-electricity-cost-review#toc-1,0,80,0.00,5.8
/hotel-electricity-cost-review#toc-10,0,66,0.00,5.6
/hotel-electricity-cost-review#toc-11,0,110,0.00,5.7
/hotel-electricity-cost-review#toc-13,0,24,0.00,6.0
/hotel-electricity-cost-review#toc-2,0,77,0.00,5.7
/hotel-electricity-cost-review#toc-3,0,61,0.00,5.8
/hotel-electricity-cost-review#toc-4,0,15,0.00,7.6
/hotel-electricity-cost-review#toc-5,0,68,0.00,5.5
/hotel-electricity-cost-review#toc-6,0,2,0.00,4.0
/hotel-summer-peak-strategy,0,42,0.00,4.9
/how-long-business-electricity-price-surge-lasts,0,56,0.00,17.1
/how-much-business-electricity-prices-increase#toc-0,0,97,0.00,6.9
/how-much-business-electricity-prices-increase#toc-1,0,96,0.00,6.9
/how-much-business-electricity-prices-increase#toc-2,0,17,0.00,7.0
/how-much-business-electricity-prices-increase#toc-3,0,18,0.00,7.2
/how-much-business-electricity-prices-increase#toc-4,0,18,0.00,7.2
/how-much-business-electricity-prices-increase#toc-5,0,96,0.00,6.9
/how-much-business-electricity-prices-increase#toc-6,0,96,0.00,6.9
/how-to-check-fuel-cost-adjustment-terms,0,19,0.00,14.7
/how-to-compare-electricity-price-risk-scenarios,0,12,0.00,7.6
/how-to-compare-electricity-suppliers,0,148,0.00,12.2
/how-to-explain-electricity-price-increase-internally,0,1,0.00,1.0
/how-to-read-electricity-bills-for-review,0,5,0.00,9.4
/how-to-read-electricity-quote#toc-1,0,1,0.00,2.0
/how-to-read-electricity-quote#toc-10,0,1,0.00,2.0
/how-to-read-electricity-quote#toc-5,0,1,0.00,2.0
/how-to-use-electricity-price-risk-scenarios,0,2,0.00,4.5
/hyogo-steel-electricity-cost,0,6,0.00,10.8
/ibaraki-business-electricity-cost,0,586,0.00,15.6
/idemitsu-corporate-electricity-guide,0,157,0.00,7.3
/impact-of-electricity-subsidy-ending,0,31,0.00,18.3
/industry-electricity-calculator,0,7,0.00,24.7
/industry-electricity-guide,0,1,0.00,5.0
/industry-risk-diagnosis,0,12,0.00,19.8
/infographics,0,6,0.00,5.2
/information-to-prepare-before-inquiry,0,2,0.00,7.5
/internal-consensus-building-order,0,12,0.00,8.5
/internal-explanation-preparation-checklist,0,1,0.00,10.0
/internet-cafe-electricity-cost-review,0,31,0.00,6.6
/invoice-system-electricity,0,329,0.00,9.3
/ir-disclosure-electricity-risk,0,5,0.00,4.4
/ishikawa-business-electricity-cost#toc-2,0,2,0.00,6.0
/ishikawa-business-electricity-cost#toc-3,0,2,0.00,6.0
/ishikawa-machinery-electricity-cost,0,7,0.00,8.3
/it-services-electricity-cost-review,0,84,0.00,10.0
/itabashi-ku-business-electricity-cost,0,1,0.00,11.0
/itochu-enex-corporate-electricity-guide,0,14,0.00,8.4
/iwate-automotive-electricity-cost,0,2,0.00,14.0
/iwate-business-electricity-cost,0,23,0.00,8.0
/jepx-business-impact,0,42,0.00,12.4
/jepx-explained#toc-1,0,1,0.00,10.0
/jepx-explained#toc-13,0,2,0.00,10.0
/jepx-explained#toc-3,0,1,0.00,10.0
/jepx-spot-price-dashboard#toc-0,0,2,0.00,4.5
/jepx-spot-price-dashboard#toc-1,0,14,0.00,5.2
/jepx-spot-price-dashboard#toc-10,0,5,0.00,8.6
/jepx-spot-price-dashboard#toc-13,0,2,0.00,6.5
/jepx-spot-price-dashboard#toc-2,0,3,0.00,8.7
/jepx-spot-price-dashboard#toc-3,0,9,0.00,7.1
/jepx-spot-price-dashboard#toc-4,0,21,0.00,5.9
/jepx-spot-price-dashboard#toc-7,0,13,0.00,6.2
/jepx-spot-price-dashboard#toc-8,0,5,0.00,8.6
/jepx-spot-price-dashboard#toc-9,0,11,0.00,6.2
/journey,0,8,0.00,7.1
/kagoshima-business-electricity-cost,0,22,0.00,8.0
/kagoshima-food-electricity-cost,0,8,0.00,6.6
/kanagawa-business-electricity-cost,0,22,0.00,7.5
/kanagawa-logistics-warehouse-electricity-cost,0,16,0.00,15.2
/kenji-eda/books,0,2,0.00,7.0
/kenji-eda/lectures,0,1,0.00,8.0
/kenji-eda/media,0,7,0.00,5.7
/kita-ku-business-electricity-cost,0,3,0.00,9.0
/kochi-business-electricity-cost,0,62,0.00,13.6
/koto-ku-business-electricity-cost,0,9,0.00,6.1
/kumamoto-business-electricity-cost,0,26,0.00,5.3
/kumamoto-business-electricity-cost#toc-0,0,1,0.00,3.0
